{
  "n_trials": 10,
  "samples_per_class": 302,
  "balanced_results": {
    "MedGemma (binary_choice)": {
      "mean": 49.00826446280992,
      "std": 3.3682122102999736
    },
    "BiomedCLIP + LogReg": {
      "mean": 71.65289256198348,
      "std": 2.6407512906893316
    },
    "BiomedCLIP + SVM": {
      "mean": 73.96694214876034,
      "std": 3.33151146623907
    },
    "BiomedCLIP + RandomForest": {
      "mean": 72.14876033057853,
      "std": 4.4513166973537945
    },
    "MedSigLIP + LogReg": {
      "mean": 72.39669421487604,
      "std": 3.5102083605942633
    },
    "MedSigLIP + SVM": {
      "mean": 75.95041322314049,
      "std": 4.073131084413755
    },
    "MedSigLIP + RandomForest": {
      "mean": 72.56198347107438,
      "std": 4.227012182659314
    }
  }
}