{
  "model": "BiomedCLIP-PubMedBERT_256-vit_base_patch16_224",
  "embedding_dim": 512,
  "n_samples": 913,
  "supervised": {
    "LogisticRegression": {
      "cv_accuracy": 0.7287671232876712,
      "cv_std": 0.04677635912044896,
      "test_accuracy": 0.6830601092896175,
      "sensitivity": 0.7416666666666667,
      "specificity": 0.5714285714285714,
      "confusion_matrix": [
        [
          36,
          27
        ],
        [
          31,
          89
        ]
      ]
    },
    "SVM (RBF)": {
      "cv_accuracy": 0.7328767123287672,
      "cv_std": 0.03572165701480905,
      "test_accuracy": 0.6939890710382514,
      "sensitivity": 0.7583333333333333,
      "specificity": 0.5714285714285714,
      "confusion_matrix": [
        [
          36,
          27
        ],
        [
          29,
          91
        ]
      ]
    },
    "RandomForest": {
      "cv_accuracy": 0.7356164383561643,
      "cv_std": 0.04323214750153288,
      "test_accuracy": 0.6994535519125683,
      "sensitivity": 0.875,
      "specificity": 0.36507936507936506,
      "confusion_matrix": [
        [
          23,
          40
        ],
        [
          15,
          105
        ]
      ]
    }
  },
  "labels_path": "/Users/d/Documents/ai-medical-imaging-open/captions/captions_cleaned_labeled.jsonl",
  "label_counts": {
    "MELANOMA": 597,
    "NEVUS": 263,
    "SPITZ_TUMOR": 53
  },
  "spitz_treated_as_benign": true
}