{
  "model": "BiomedCLIP-PubMedBERT_256-vit_base_patch16_224",
  "embedding_dim": 512,
  "n_samples": 860,
  "supervised": {
    "LogisticRegression": {
      "cv_accuracy": 0.7239289114566805,
      "cv_std": 0.051012380489276095,
      "test_accuracy": 0.7383720930232558,
      "sensitivity": 0.7478991596638656,
      "specificity": 0.7169811320754716,
      "confusion_matrix": [
        [
          38,
          15
        ],
        [
          30,
          89
        ]
      ]
    },
    "SVM (RBF)": {
      "cv_accuracy": 0.7384745583412673,
      "cv_std": 0.03720428838443684,
      "test_accuracy": 0.7790697674418605,
      "sensitivity": 0.7983193277310925,
      "specificity": 0.7358490566037735,
      "confusion_matrix": [
        [
          39,
          14
        ],
        [
          24,
          95
        ]
      ]
    },
    "RandomForest": {
      "cv_accuracy": 0.7586903628477731,
      "cv_std": 0.02354325112787712,
      "test_accuracy": 0.7558139534883721,
      "sensitivity": 0.9327731092436975,
      "specificity": 0.3584905660377358,
      "confusion_matrix": [
        [
          19,
          34
        ],
        [
          8,
          111
        ]
      ]
    }
  },
  "labels_path": "/Users/d/Documents/ai-medical-imaging-open/captions/captions_cleaned_labeled.jsonl",
  "label_counts": {
    "MELANOMA": 597,
    "NEVUS": 263,
    "SPITZ_TUMOR": 0
  },
  "spitz_treated_as_benign": false
}