{
  "model": "MedSigLIP-448",
  "embedding_dim": 1152,
  "n_samples": 920,
  "supervised": {
    "LogisticRegression": {
      "cv_accuracy": 0.720113991542563,
      "cv_std": 0.03365943121586472,
      "test_accuracy": 0.7065217391304348,
      "sensitivity": 0.6935483870967742,
      "specificity": 0.7333333333333333,
      "confusion_matrix": [
        [
          44,
          16
        ],
        [
          38,
          86
        ]
      ]
    },
    "SVM (RBF)": {
      "cv_accuracy": 0.7486394557823128,
      "cv_std": 0.024724873259028887,
      "test_accuracy": 0.7717391304347826,
      "sensitivity": 0.75,
      "specificity": 0.8166666666666667,
      "confusion_matrix": [
        [
          49,
          11
        ],
        [
          31,
          93
        ]
      ]
    },
    "RandomForest": {
      "cv_accuracy": 0.732377275234418,
      "cv_std": 0.02518579641162943,
      "test_accuracy": 0.7554347826086957,
      "sensitivity": 0.9274193548387096,
      "specificity": 0.4,
      "confusion_matrix": [
        [
          24,
          36
        ],
        [
          9,
          115
        ]
      ]
    }
  }
}