{
  "model": "MedSigLIP-448",
  "embedding_dim": 1152,
  "n_samples": 913,
  "supervised": {
    "LogisticRegression": {
      "cv_accuracy": 0.715068493150685,
      "cv_std": 0.029571278280716276,
      "test_accuracy": 0.639344262295082,
      "sensitivity": 0.6583333333333333,
      "specificity": 0.6031746031746031,
      "confusion_matrix": [
        [
          38,
          25
        ],
        [
          41,
          79
        ]
      ]
    },
    "SVM (RBF)": {
      "cv_accuracy": 0.747945205479452,
      "cv_std": 0.03195042134161809,
      "test_accuracy": 0.726775956284153,
      "sensitivity": 0.7583333333333333,
      "specificity": 0.6666666666666666,
      "confusion_matrix": [
        [
          42,
          21
        ],
        [
          29,
          91
        ]
      ]
    },
    "RandomForest": {
      "cv_accuracy": 0.752054794520548,
      "cv_std": 0.04049793287423145,
      "test_accuracy": 0.7213114754098361,
      "sensitivity": 0.8833333333333333,
      "specificity": 0.4126984126984127,
      "confusion_matrix": [
        [
          26,
          37
        ],
        [
          14,
          106
        ]
      ]
    }
  },
  "labels_path": "/Users/d/Documents/ai-medical-imaging-open/captions/captions_cleaned_labeled.jsonl",
  "label_counts": {
    "MELANOMA": 597,
    "NEVUS": 263,
    "SPITZ_TUMOR": 53
  },
  "spitz_treated_as_benign": true
}